id,userId,gmailMessageId,emailDate,classTime,studioLocation,classInstructor,caloriesBurned,splatPoints,avgHeartRate,peakHeartRate,steps,treadmillDistance,treadmillTime,treadmillAvgSpeed,treadmillMaxSpeed,treadmillAvgIncline,treadmillMaxIncline,treadmillAvgPace,treadmillFastestPace,treadmillElevation,rowingDistance,rowingTime,rowingAvgWattage,rowingMaxWattage,rowingAvgSpeed,rowingMaxSpeed,rowing500mSplit,rowingMax500mSplit,rowingAvgStrokeRate,activeMinutes,minutesInGrayZone,minutesInBlueZone,minutesInGreenZone,minutesInOrangeZone,minutesInRedZone,createdAt,updatedAt
cmkla2lge0001nkbz3p1pepc3,cmkl9fbfm0000gobzydurnnld,19bd1fea3cf10c63,2026-01-18T16:44:43.000+00:00,10:45 AM,"New Albany, OH",Lamara Ambler,1007,41,167,186,4080,2.08,1008,7.4,10,1,1,486,360,109.82,4038,1047,244,491,17.7,22.3,102,102,26.3,57,0,1,15,38,3,2026-01-19T14:46:03.806+00:00,2026-01-19T14:46:03.806+00:00
cmkla2lhf0002nkbzzdpkvkpw,cmkl9fbfm0000gobzydurnnld,19bc21199351cd13,2026-01-15T14:31:31.000+00:00,8:35 AM,"New Albany, OH",Carmen Snyder,795,23,147,181,5438,3.58,1802,7.1,10,2,6,507,360,378.05,922,189,8,644,19.3,22.7,93,90,26.3,55,11,3,18,23,0,2026-01-19T14:46:03.843+00:00,2026-01-19T14:46:03.843+00:00
cmkla2li70003nkbzhaoixkm4,cmkl9fbfm0000gobzydurnnld,19bb7c61c6bf1be9,2026-01-13T14:32:52.000+00:00,8:35 AM,"New Albany, OH",Martha Martin,604,14,126,179,3685,1.97,924,7.7,9.5,1.7,1.5,467,378,176.83,1661,334,1,421,18.5,36.7,97,94,30,56,30,3,9,14,0,2026-01-19T14:46:03.871+00:00,2026-01-19T14:46:03.871+00:00
cmkla2liz0004nkbzwg9tun2p,cmkl9fbfm0000gobzydurnnld,19badf173d9e5876,2026-01-11T16:44:00.000+00:00,10:45 AM,"New Albany, OH",Lamara Ambler,919,26,159,185,4389,2.37,1139,7.5,10,1.6,1,480,360,200.22,986,299,8,433,18,21.2,100,84,27.7,57,2,4,25,23,3,2026-01-19T14:46:03.899+00:00,2026-01-19T14:46:03.899+00:00
cmkla2ljo0005nkbzkbjc1pz5,cmkl9fbfm0000gobzydurnnld,19ba32bde73e7e3f,2026-01-09T14:31:59.000+00:00,8:35 AM,"New Albany, OH",Kelly Erlinger,844,22,152,183,3223,1.87,967,7,12,1.4,6,514,300,138.23,3665,1112,6,484,18.6,22.3,97,89,24.9,56,8,2,24,22,0,2026-01-19T14:46:03.924+00:00,2026-01-19T14:46:03.924+00:00
cmkla2lkc0006nkbzi9k9spms,cmkl9fbfm0000gobzydurnnld,19b93babec5200ed,2026-01-06T14:34:06.000+00:00,8:35 AM,"New Albany, OH",Martha Martin,889,26,155,185,5008,3.06,1580,7,10,2.6,9,514,360,420.08,2525,731,4,455,17.7,21.2,101,89,27.3,57,6,4,21,24,2,2026-01-19T14:46:03.948+00:00,2026-01-19T14:46:03.948+00:00
cmkla2lkz0007nkbzwx3f9rnt,cmkl9fbfm0000gobzydurnnld,19b89e3ccfa33cda,2026-01-04T16:42:45.000+00:00,10:45 AM,"New Albany, OH",Lamara Ambler,898,32,162,183,4616,2.69,1429,6.8,9,2.9,3,529,400,411.89,2043,627,3,506,17.7,22,102,96,27.1,54,3,3,16,31,1,2026-01-19T14:46:03.971+00:00,2026-01-19T14:46:03.971+00:00
cmkla2llk0008nkbz9n2t054k,cmkl9fbfm0000gobzydurnnld,19b7fa63209f79af,2026-01-02T16:59:16.000+00:00,11:00 AM,"New Albany, OH",Lauren Rarick,702,24,132,188,4604,2.88,1493,6.9,10.5,1,1,521,342,152.06,,,,,,,,,,59,24,4,7,20,4,2026-01-19T14:46:03.992+00:00,2026-01-19T14:46:03.992+00:00
cmkla2lm70009nkbz8seji3xl,cmkl9fbfm0000gobzydurnnld,19b6f726eb97d4ad,2025-12-30T13:28:48.000+00:00,7:30 AM,"New Albany, OH",,760,23,148,187,4142,3.07,1513,7.3,12,1,1,494,300,162.01,1068,210,6,578,10.5,23.3,99,77,25.6,54,13,2,16,18,5,2026-01-19T14:46:04.015+00:00,2026-01-19T14:46:04.015+00:00
cmkla2lmt000ankbzztw96o8i,cmkl9fbfm0000gobzydurnnld,19b65958d6737f33,2025-12-28T15:30:57.000+00:00,9:30 AM,"New Albany, OH",,987,29,161,185,3553,1.98,1006,6.8,12,1.2,4,525,300,125.11,3214,767,9,502,12,22.3,100,80,26.9,60,1,3,27,26,3,2026-01-19T14:46:04.037+00:00,2026-01-19T14:46:04.037+00:00
cmkla2lnh000bnkbzi5wgnnzg,cmkl9fbfm0000gobzydurnnld,19b41cc0c8d35d49,2025-12-21T16:44:09.000+00:00,10:45 AM,"New Albany, OH",,788,25,142,196,3130,2.32,914,7,10.2,1,4,513,352,123.92,2532,535,1,411,15.2,21.2,103,85,31.3,58,19,3,11,16,9,2026-01-19T14:46:04.061+00:00,2026-01-19T14:46:04.061+00:00
cmkla2lo5000cnkbz1to76kxj,cmkl9fbfm0000gobzydurnnld,19b3707b2d076581,2025-12-19T14:33:29.000+00:00,8:35 AM,"New Albany, OH",,843,16,151,180,3513,1.83,971,5.7,12,1.7,6,630,300,167.17,4246,1056,8,483,15,22.1,106,81,28.7,57,6,5,30,16,0,2026-01-19T14:46:04.085+00:00,2026-01-19T14:46:04.085+00:00
cmkla2low000dnkbzd2id9k06,cmkl9fbfm0000gobzydurnnld,19b2cbee9a541b76,2025-12-17T14:37:47.000+00:00,8:35 AM,"New Albany, OH",,668,19,131,185,3864,3.06,0,6.1,10,1.6,4,588,360,262.76,1412,300,5,373,17.1,19.6,106,91,23.8,57,27,4,7,17,2,2026-01-19T14:46:04.112+00:00,2026-01-19T14:46:04.112+00:00
cmkla2lpm000enkbzf051vj5v,cmkl9fbfm0000gobzydurnnld,19b1dbfb539f58e8,2025-12-14T16:44:20.000+00:00,10:45 AM,"New Albany, OH",,988,37,166,186,4960,3.53,0,7.1,10.3,1,4,504,349,189.18,1913,673,1,473,17.7,20.6,105,87,25.7,58,1,3,17,30,7,2026-01-19T14:46:04.138+00:00,2026-01-19T14:46:04.138+00:00
cmkla2lqe000fnkbzghhl3p8c,cmkl9fbfm0000gobzydurnnld,19b12fab8814c301,2025-12-12T14:32:59.000+00:00,8:35 AM,"New Albany, OH",,788,15,145,181,3941,1.92,1002,6.6,12,1,1,547,300,101.48,2734,696,2,562,19.5,23.2,93,77,32,57,12,5,25,15,0,2026-01-19T14:46:04.166+00:00,2026-01-19T14:46:04.166+00:00
cmkla2lr0000gnkbzbc1fdw0r,cmkl9fbfm0000gobzydurnnld,19b08b2598afbc95,2025-12-10T14:37:43.000+00:00,8:35 AM,"New Albany, OH",,833,15,149,177,4280,2.86,0,6.5,10,1,1,555,360,148.5,1341,449,9,349,17.2,19.6,105,92,30.1,56,7,3,31,15,0,2026-01-19T14:46:04.188+00:00,2026-01-19T14:46:04.188+00:00
cmkla2lrp000hnkbz23bfiqz0,cmkl9fbfm0000gobzydurnnld,19ae4a14217d206a,2025-12-03T14:32:44.000+00:00,8:35 AM,"New Albany, OH",,786,23,147,181,4322,3.61,1535,7.4,10.5,1,1,486,342,189.8,1252,392,5,512,9.4,22.4,93,80,32.1,56,9,13,11,23,0,2026-01-19T14:46:04.213+00:00,2026-01-19T14:46:04.213+00:00
cmkla2lsd000inkbzg4rds0rk,cmkl9fbfm0000gobzydurnnld,19ada54c47a3dced,2025-12-01T14:32:59.000+00:00,8:35 AM,"New Albany, OH",,778,7,144,182,3382,1.67,939,5.3,10,2.2,8,680,360,192.78,2988,874,6,582,18.9,36,97,50,29.7,56,7,11,31,7,0,2026-01-19T14:46:04.237+00:00,2026-01-19T14:46:04.237+00:00
cmkla2lt6000jnkbzr0frolef,cmkl9fbfm0000gobzydurnnld,19ab648053234c9a,2025-11-24T14:32:43.000+00:00,8:35 AM,"New Albany, OH",,716,17,136,186,3284,2.06,976,6.4,10.5,1,1,562,342,108.47,3277,1098,6,515,18.6,22.8,97,78,27.6,57,20,4,16,14,3,2026-01-19T14:46:04.266+00:00,2026-01-19T14:46:04.266+00:00
cmkla2lts000knkbzq7uxmduj,cmkl9fbfm0000gobzydurnnld,19aa6d98dff82c33,2025-11-21T14:37:45.000+00:00,8:35 AM,"New Albany, OH",,857,24,150,184,3606,2.05,976,6.4,10.5,1,1,563,342,108.14,3669,1333,5,427,17.7,21.2,102,85,27.2,59,12,2,21,23,1,2026-01-19T14:46:04.288+00:00,2026-01-19T14:46:04.288+00:00
cmkla2luc000lnkbz77nexiwd,cmkl9fbfm0000gobzydurnnld,19a9c874a78959d9,2025-11-19T14:31:43.000+00:00,8:35 AM,"New Albany, OH",,889,22,158,180,4271,2.59,1308,4.7,10,1.2,4,772,360,166.24,,,,,,,,,,57,1,6,28,22,0,2026-01-19T14:46:04.308+00:00,2026-01-19T14:46:04.308+00:00
cmkla2luy000mnkbz6snps61t,cmkl9fbfm0000gobzydurnnld,19a92401d426a01f,2025-11-17T14:37:46.000+00:00,8:35 AM,"New Albany, OH",,813,16,143,183,2066,1.88,946,4.5,10,1.1,6,796,360,109.06,4499,1211,6,443,17.8,36,102,50,29.2,60,12,6,26,16,0,2026-01-19T14:46:04.330+00:00,2026-01-19T14:46:04.330+00:00
cmkla2lvk000nnkbz499ebiaw,cmkl9fbfm0000gobzydurnnld,19a82c871a0ef99c,2025-11-14T14:32:44.000+00:00,8:35 AM,"New Albany, OH",,847,16,154,180,3917,1.9,1025,5.7,10.5,1.8,5,631,342,182.66,2928,732,3,481,13.5,22.5,97,80,29.9,55,3,2,34,16,0,2026-01-19T14:46:04.352+00:00,2026-01-19T14:46:04.352+00:00
cmkla2lw3000onkbzt384zddd,cmkl9fbfm0000gobzydurnnld,19a6e2f007cd0653,2025-11-10T14:32:44.000+00:00,8:35 AM,"New Albany, OH",,843,16,152,179,3454,1.83,930,6,9.5,1,1,602,378,96.78,2933,780,9,471,18.3,36,103,50,31.6,57,5,6,30,16,0,2026-01-19T14:46:04.371+00:00,2026-01-19T14:46:04.371+00:00
cmkla2lwq000pnkbzgegp8ulz,cmkl9fbfm0000gobzydurnnld,19a645b2f08f0732,2025-11-08T16:44:47.000+00:00,10:45 AM,"New Albany, OH",,902,27,155,187,3543,2.18,1027,7.5,10,1,1,481,360,113.17,2134,601,293,543,10.9,23.1,104,77,28.2,59,7,4,21,20,7,2026-01-19T14:46:04.394+00:00,2026-01-19T14:46:04.394+00:00
cmkla2lxd000qnkbzr04xgkjg,cmkl9fbfm0000gobzydurnnld,19a5473cc9f97eee,2025-11-05T14:37:46.000+00:00,8:35 AM,"New Albany, OH",,913,20,154,185,5115,2.88,1624,5.8,9,2.3,5,622,400,346.97,632,150,9,414,17.7,20.6,104,87,30.7,61,3,10,28,17,3,2026-01-19T14:46:04.417+00:00,2026-01-19T14:46:04.417+00:00
cmkla2lxz000rnkbz115le0c9,cmkl9fbfm0000gobzydurnnld,19a4a22b4a9efec3,2025-11-03T14:32:59.000+00:00,8:35 AM,"New Albany, OH",,887,25,158,183,3701,1.89,1005,5.7,10,1.3,4,628,360,134.97,3501,785,4,460,18,21.9,101,82,30.5,56,3,5,23,24,1,2026-01-19T14:46:04.438+00:00,2026-01-19T14:46:04.438+00:00
cmkla2lyl000snkbzlqv2m4vk,cmkl9fbfm0000gobzydurnnld,19a3a787fe91572d,2025-10-31T13:32:45.000+00:00,8:35 AM,"New Albany, OH",,775,20,149,188,4167,2.09,1026,6.9,10.5,1.3,6,520,342,144.87,3137,861,5,286,15.2,18.6,120,96,29.8,53,13,1,19,14,6,2026-01-19T14:46:04.461+00:00,2026-01-19T14:46:04.461+00:00
cmkla2lz4000tnkbz8nip7fia,cmkl9fbfm0000gobzydurnnld,19a2ff1ad6d0da92,2025-10-29T12:29:17.000+00:00,7:30 AM,"New Albany, OH",,838,22,154,184,4387,3.02,1581,6.5,10,1,1,555,360,159.35,,,,,,,,,,55,4,7,22,20,2,2026-01-19T14:46:04.480+00:00,2026-01-19T14:46:04.480+00:00
cmkla2lzp000unkbztd641v76,cmkl9fbfm0000gobzydurnnld,19a167091bf013e0,2025-10-24T13:37:46.000+00:00,8:35 AM,"New Albany, OH",,901,16,154,181,3786,1.87,876,4.2,11.9,1,6.5,858,302,102.49,,,,,,,,,,59,1,5,37,16,0,2026-01-19T14:46:04.501+00:00,2026-01-19T14:46:04.501+00:00
cmkla2m06000vnkbz44lvwulh,cmkl9fbfm0000gobzydurnnld,19a05d3f5d1e21d6,2025-10-21T08:12:47.000+00:00,7:30 AM,"New Albany, OH",,678,20,157,179,5645,4.68,2388,6.6,9.5,1,1,546,378,247.21,,,,,,,,,,42,1,4,17,20,0,2026-01-19T14:46:04.517+00:00,2026-01-19T14:46:04.517+00:00
cmkla2m0r000wnkbzhjdra8bt,cmkl9fbfm0000gobzydurnnld,199e2ec5fa1a3a49,2025-10-14T13:32:44.000+00:00,8:35 AM,"New Albany, OH",,723,22,142,189,4253,3.49,1500,7.9,10.5,1,1,452,342,184.06,154,194,1,244,15.2,17.8,119,101,26.3,53,17,11,3,7,15,2026-01-19T14:46:04.539+00:00,2026-01-19T14:46:04.539+00:00
cmkla2m1e000xnkbzuef0fbyw,cmkl9fbfm0000gobzydurnnld,199ce53453dd6d42,2025-10-10T13:33:06.000+00:00,8:35 AM,"New Albany, OH",,947,30,163,183,3945,1.9,990,5.9,10,1,1,612,360,100.31,3972,992,5,429,16.9,21,112,85,28.2,57,0,3,24,27,3,2026-01-19T14:46:04.562+00:00,2026-01-19T14:46:04.562+00:00
cmkla2m1z000ynkbzwkql9j1w,cmkl9fbfm0000gobzydurnnld,199c3cc2e4a7a5f2,2025-10-08T12:29:21.000+00:00,7:30 AM,"New Albany, OH",,898,17,155,187,5026,2.94,1484,5.9,10,1,1,607,360,154.83,2551,607,1,576,16.7,22.8,111,79,30,58,2,8,31,15,2,2026-01-19T14:46:04.583+00:00,2026-01-19T14:46:04.583+00:00
cmkla2m2k000znkbzgxnhgvdv,cmkl9fbfm0000gobzydurnnld,1999fbe90c3e3755,2025-10-01T12:28:09.000+00:00,7:30 AM,"New Albany, OH",,876,20,157,187,4673,3.61,1732,6.8,9,1.5,4,530,400,282.19,,,,,,,,,,56,1,8,27,14,6,2026-01-19T14:46:04.604+00:00,2026-01-19T14:46:04.604+00:00
cmkla2m2z0010nkbz6tudqeiq,cmkl9fbfm0000gobzydurnnld,199956719ae5894c,2025-09-29T12:16:25.000+00:00,7:30 AM,"New Albany, OH",,344,0,107,152,425,,,,,,,,,,,,,,,,,,,42,29,10,3,0,0,2026-01-19T14:46:04.619+00:00,2026-01-19T14:46:04.619+00:00
cmkla2m3k0011nkbzbrdko56f,cmkl9fbfm0000gobzydurnnld,199867a053a64282,2025-09-26T14:42:46.000+00:00,9:45 AM,"New Albany, OH",,867,26,158,187,4417,3.04,1503,6.7,12,1,1,540,300,160.59,1920,461,255,445,18,21.5,100,83,30.6,56,3,7,20,21,5,2026-01-19T14:46:04.640+00:00,2026-01-19T14:46:04.640+00:00
cmkla2m470012nkbz84008q77,cmkl9fbfm0000gobzydurnnld,19980d8e056b1860,2025-09-25T12:28:40.000+00:00,7:30 AM,"New Albany, OH",,914,26,157,185,4645,2.91,1611,6.5,11.1,1,1,552,324,153.81,2089,566,2,575,18.4,23.5,100,76,30.6,58,4,4,24,22,4,2026-01-19T14:46:04.663+00:00,2026-01-19T14:46:04.663+00:00
cmkla2m4v0013nkbz0851w1vq,cmkl9fbfm0000gobzydurnnld,1996d35ca04d7b60,2025-09-21T16:57:45.000+00:00,12:00 PM,"New Albany, OH",,882,40,172,192,5240,3.1,1365,8.1,12,1,1,442,300,163.3,2000,428,4,448,16.7,21.2,107,84,29.8,49,1,4,4,27,13,2026-01-19T14:46:04.687+00:00,2026-01-19T14:46:04.687+00:00
cmkla2m5i0014nkbz5ny90vja,cmkl9fbfm0000gobzydurnnld,1996231f678ef83d,2025-09-19T13:37:45.000+00:00,8:35 AM,"New Albany, OH",,957,30,161,187,4129,1.95,1029,5.8,11,1,1,618,327,103.06,2751,629,1,481,12.3,22.7,104,79,28.5,59,2,4,23,29,1,2026-01-19T14:46:04.710+00:00,2026-01-19T14:46:04.710+00:00
cmkla2m660015nkbzmsp983ac,cmkl9fbfm0000gobzydurnnld,1994d93f78a4095c,2025-09-15T13:32:46.000+00:00,8:35 AM,"New Albany, OH",,852,14,152,191,4130,2.14,1018,7.4,12,0.8,1,487,300,93.2,3494,943,1,401,16.5,21.2,115,84,28.9,57,4,7,32,10,4,2026-01-19T14:46:04.734+00:00,2026-01-19T14:46:04.734+00:00
cmkla2m6t0016nkbz8em3lhwi,cmkl9fbfm0000gobzydurnnld,1993e20e151cf028,2025-09-12T13:32:44.000+00:00,8:35 AM,"New Albany, OH",,665,14,134,187,2927,1.57,996,4.8,10,5.6,15,749,360,468.01,2742,814,7,392,17.2,20.9,107,86,25.1,54,20,3,17,9,5,2026-01-19T14:46:04.757+00:00,2026-01-19T14:46:04.757+00:00
cmkla2m7d0017nkbzfjvz1vmv,cmkl9fbfm0000gobzydurnnld,19929877bd5f2c06,2025-09-08T13:32:48.000+00:00,8:35 AM,"New Albany, OH",,809,16,149,179,4126,1.68,889,4.8,10,2,9,743,360,173.14,3653,795,8,418,17.4,20.8,104,86,28.7,56,7,6,27,16,0,2026-01-19T14:46:04.777+00:00,2026-01-19T14:46:04.777+00:00
cmkla2m7z0018nkbzmklqyinz,cmkl9fbfm0000gobzydurnnld,1991e682dbb5b100,2025-09-06T09:42:47.000+00:00,8:35 AM,"New Albany, OH",,854,25,157,184,4197,1.63,917,5.4,9,1,1,666,400,86.17,4542,1181,238,504,17.3,22.7,109,79,31,54,1,6,22,24,1,2026-01-19T14:46:04.799+00:00,2026-01-19T14:46:04.799+00:00
cmkla2m8k0019nkbzugn4yjgt,cmkl9fbfm0000gobzydurnnld,198e172fc29d6088,2025-08-25T13:37:45.000+00:00,8:35 AM,"New Albany, OH",,931,23,157,187,4176,2.36,1209,6.9,10,1.9,5,523,360,234.46,2385,1017,3,396,17.7,21.1,103,85,31.3,59,1,8,27,22,1,2026-01-19T14:46:04.820+00:00,2026-01-19T14:46:04.820+00:00
cmkla2m97001ankbzyz26xwog,cmkl9fbfm0000gobzydurnnld,198d23b7834698d1,2025-08-22T14:42:49.000+00:00,9:45 AM,"New Albany, OH",,808,19,155,184,3792,2.58,1548,6.5,12,1,1,556,300,135.82,478,77,5,571,22,24.5,82,73,33.9,52,2,4,27,18,1,2026-01-19T14:46:04.843+00:00,2026-01-19T14:46:04.843+00:00
cmkla2m9q001bnkbznws5dquq,cmkl9fbfm0000gobzydurnnld,198a88cfbfe69e75,2025-08-14T12:27:47.000+00:00,7:30 AM,"New Albany, OH",,770,9,151,190,4058,2.51,1340,6.1,12,1,1,590,300,132.3,,,,,,,,,,52,3,6,34,4,5,2026-01-19T14:46:04.862+00:00,2026-01-19T14:46:04.862+00:00
cmkla2mab001cnkbzkqajbw5u,cmkl9fbfm0000gobzydurnnld,19899546423d1a5a,2025-08-11T13:31:40.000+00:00,8:35 AM,"New Albany, OH",,840,16,152,181,3787,1.62,973,5,10,2.2,10,713,360,190.5,4131,1011,3,404,17,21.2,108,84,28.1,56,4,6,30,16,0,2026-01-19T14:46:04.883+00:00,2026-01-19T14:46:04.883+00:00
cmkla2max001dnkbzociw8wtf,cmkl9fbfm0000gobzydurnnld,1988a2276cc12676,2025-08-08T14:42:50.000+00:00,9:45 AM,"New Albany, OH",,886,22,158,190,4169,2.76,692,5.6,12,1,4.5,643,300,149.26,1386,331,8,652,18.9,24.9,101,72,31.2,56,2,5,27,18,4,2026-01-19T14:46:04.905+00:00,2026-01-19T14:46:04.905+00:00
cmkla2mbg001enkbz6jwachji,cmkl9fbfm0000gobzydurnnld,1987f5a8f81d2583,2025-08-06T12:28:17.000+00:00,7:30 AM,"New Albany, OH",,834,25,160,188,3541,2.24,1172,6,10,1,1,603,360,118.22,1397,445,2,450,17.8,21.3,110,84,29.4,51,3,2,21,19,6,2026-01-19T14:46:04.924+00:00,2026-01-19T14:46:04.924+00:00
cmkla2mbv001fnkbzb3iorpm8,cmkl9fbfm0000gobzydurnnld,1987508c283fe336,2025-08-04T12:22:44.000+00:00,7:30 AM,"New Albany, OH",,504,0,123,163,768,,,,,,,,,,,,,,,,,,,48,18,19,11,0,0,2026-01-19T14:46:04.939+00:00,2026-01-19T14:46:04.939+00:00
cmkla2mcg001gnkbzh4qwmxmx,cmkl9fbfm0000gobzydurnnld,1986615e7afc3d1d,2025-08-01T14:42:46.000+00:00,9:45 AM,"New Albany, OH",,936,33,166,192,5061,3.43,1614,6.6,12,1,1,547,300,181.1,1917,550,4,474,8.3,21.3,105,84,27.3,55,1,2,19,20,13,2026-01-19T14:46:04.960+00:00,2026-01-19T14:46:04.960+00:00
cmkla2mcx001hnkbzuylg35wf,cmkl9fbfm0000gobzydurnnld,1985139efe3f3979,2025-07-28T13:30:07.000+00:00,8:35 AM,"New Albany, OH",,233,6,139,175,1328,,,,,,,,,,3840,908,4,450,12.9,36,106,50,29.5,17,5,0,6,6,0,2026-01-19T14:46:04.977+00:00,2026-01-19T14:46:04.977+00:00
cmkla2mdj001inkbzhg7op3mh,cmkl9fbfm0000gobzydurnnld,1981dfced87bfcbf,2025-07-18T14:42:51.000+00:00,9:45 AM,"New Albany, OH",,907,23,161,182,5347,2.84,1532,5.7,10,1,1,635,360,150.2,3429,1659,4,431,16.9,21.2,108,84,27.9,56,1,1,31,23,0,2026-01-19T14:46:04.999+00:00,2026-01-19T14:46:04.999+00:00
cmkla2mdz001jnkbz8eudrx8u,cmkl9fbfm0000gobzydurnnld,19808dd33abcd10c,2025-07-14T12:16:10.000+00:00,7:30 AM,"New Albany, OH",,476,0,124,163,714,,,,,,,,,,,,,,,,,,,44,13,15,16,0,0,2026-01-19T14:46:05.015+00:00,2026-01-19T14:46:05.015+00:00
cmkla2mej001knkbzhpm2ui4x,cmkl9fbfm0000gobzydurnnld,197f9b03fa20661e,2025-07-11T13:32:46.000+00:00,8:35 AM,"New Albany, OH",,840,6,150,174,3432,1.53,1003,4.6,12,1,1,775,300,80.51,2969,658,1,449,10.7,21.7,102,83,28.8,57,1,10,40,6,0,2026-01-19T14:46:05.035+00:00,2026-01-19T14:46:05.035+00:00
cmkla2mf3001lnkbz851jaihl,cmkl9fbfm0000gobzydurnnld,197e556e9f5108a5,2025-07-07T14:42:47.000+00:00,9:45 AM,"New Albany, OH",,889,23,157,186,4815,3.5,0,6.7,9,1.4,3,538,400,260.4,1877,687,2,411,16.4,21.6,117,83,28.1,57,2,7,25,21,2,2026-01-19T14:46:05.055+00:00,2026-01-19T14:46:05.055+00:00
cmkla2mfo001mnkbze46fsj99,cmkl9fbfm0000gobzydurnnld,197d041f8e443a71,2025-07-03T12:27:53.000+00:00,7:30 AM,"New Albany, OH",,803,14,148,179,4790,2.46,1420,6,9,1,1,603,400,129.62,2824,916,9,384,16.3,20.6,111,87,25.9,56,6,9,27,14,0,2026-01-19T14:46:05.076+00:00,2026-01-19T14:46:05.076+00:00
cmkla2mga001nnkbz1tqzryk2,cmkl9fbfm0000gobzydurnnld,197c14a652601fa0,2025-06-30T14:42:47.000+00:00,9:45 AM,"New Albany, OH",,858,18,154,182,3854,1.78,1230,5.3,10,4,9,681,360,372.82,1958,457,7,378,16.3,20.1,113,89,28.4,57,0,10,29,17,1,2026-01-19T14:46:05.098+00:00,2026-01-19T14:46:05.098+00:00
cmkla2mgw001onkbzq8oz57vy,cmkl9fbfm0000gobzydurnnld,197b1d757d83aa6f,2025-06-27T14:42:48.000+00:00,9:45 AM,"New Albany, OH",,938,29,162,185,5017,3.35,1914,6.3,10,1.3,4.5,575,360,228.78,745,624,2,404,18.2,21.1,99,85,28.4,57,0,3,25,26,3,2026-01-19T14:46:05.120+00:00,2026-01-19T14:46:05.120+00:00
cmkla2mhh001pnkbzmsa4rs84,cmkl9fbfm0000gobzydurnnld,18b427e6bcfa25da,2023-10-18T11:14:22.000+00:00,6:15 AM,West Chester,West Chester,949,28,160,192,4842,3.03,1673,6.5,10,1.1,15,555,360,173.43,1072,244,5,466,8.3,22.1,96,81,30.9,58,2,5,23,20,8,2026-01-19T14:46:05.141+00:00,2026-01-19T14:46:05.141+00:00
cmkla2mi3001qnkbzoncvdqtv,cmkl9fbfm0000gobzydurnnld,18a83e44a25d3144,2023-09-11T10:58:10.000+00:00,6:00 AM,Rookwood,,914,30,159,181,4251,2.07,1178,6.3,9,3.2,8,571,400,349.68,2127,1005,6,481,16.8,21.9,112,82,30,56,3,2,21,30,0,2026-01-19T14:46:05.163+00:00,2026-01-19T14:46:05.163+00:00
cmkla2mik001rnkbzajcsr7oe,cmkl9fbfm0000gobzydurnnld,18a178c24909dab7,2023-08-21T10:02:54.000+00:00,5:00 AM,West Chester,West Chester,857,22,149,183,4973,,,,,,,,,,,,,,,,,,,59,5,19,13,17,5,2026-01-19T14:46:05.180+00:00,2026-01-19T14:46:05.180+00:00
cmkla2mj5001snkbzvan2bta4,cmkl9fbfm0000gobzydurnnld,18a0da8b4655a7e5,2023-08-19T11:57:54.000+00:00,7:00 AM,West Chester,West Chester,887,22,158,202,4252,2.55,1517,6.1,12,1.2,4,594,300,164.39,1337,381,2,412,17.7,21,102,85,25.8,54,2,6,24,16,6,2026-01-19T14:46:05.201+00:00,2026-01-19T14:46:05.201+00:00
cmkla2mjm001tnkbzheb94bjp,cmkl9fbfm0000gobzydurnnld,189c04091859c923,2023-08-04T11:13:23.000+00:00,6:15 AM,West Chester,West Chester,882,22,154,186,4252,,,,,,,,,,,,,,,,,,,58,2,10,24,18,4,2026-01-19T14:46:05.218+00:00,2026-01-19T14:46:05.218+00:00
cmkla2mk6001unkbzz18j1c0s,cmkl9fbfm0000gobzydurnnld,1896fff9a8adafc3,2023-07-19T21:12:49.000+00:00,4:15 PM,West Chester,West Chester,909,27,160,190,3291,2.01,974,7.4,10,1,1,486,360,105.57,2090,597,3,474,17.4,22.9,106,78,29.5,57,3,6,21,19,8,2026-01-19T14:46:05.238+00:00,2026-01-19T14:46:05.238+00:00
cmkla2mkm001vnkbztzkoc1am,cmkl9fbfm0000gobzydurnnld,18968a67b7ad49e7,2023-07-18T10:58:07.000+00:00,6:00 AM,Rookwood,,98,0,92,144,55,,,,,,,,,,,,,,,,,,,16,14,1,1,0,0,2026-01-19T14:46:05.254+00:00,2026-01-19T14:46:05.254+00:00
cmkla2ml7001wnkbz02wwx9ka,cmkl9fbfm0000gobzydurnnld,1893f739d0713ac4,2023-07-10T10:58:08.000+00:00,6:00 AM,Rookwood,,800,16,154,183,4094,2.23,1207,6.6,9,1.7,5,541,400,194.89,1164,632,6,346,16.4,19.8,111,91,29.5,53,1,8,28,15,1,2026-01-19T14:46:05.275+00:00,2026-01-19T14:46:05.275+00:00
cmkla2mlu001xnkbzqdhcj8tm,cmkl9fbfm0000gobzydurnnld,188f896c2ab056d4,2023-06-26T16:43:29.000+00:00,11:45 AM,Rookwood,,917,23,160,191,3659,2.98,1386,7.7,10,1,1,465,360,156.19,355,235,7,315,17.3,18.4,104,97,27.5,56,2,9,22,3,20,2026-01-19T14:46:05.298+00:00,2026-01-19T14:46:05.298+00:00
cmkla2mmh001ynkbzmhi0ry4m,cmkl9fbfm0000gobzydurnnld,188ce7bb9653e7e4,2023-06-18T12:29:54.000+00:00,7:30 AM,West Chester,West Chester,853,9,148,181,3246,1.63,992,5.9,10,3.3,6,607,360,283,396,176,8,312,17.9,19.3,101,93,28.2,59,4,11,35,9,0,2026-01-19T14:46:05.321+00:00,2026-01-19T14:46:05.321+00:00
cmkla2mn4001znkbz8bctvfcf,cmkl9fbfm0000gobzydurnnld,188bffe969ac63d8,2023-06-15T16:58:31.000+00:00,12:00 PM,West Chester,West Chester,932,27,158,185,4549,3.23,1690,6.9,11,1,1,522,327,170.3,873,363,2,553,19.6,23.5,93,76,33.7,59,2,5,25,25,2,2026-01-19T14:46:05.344+00:00,2026-01-19T14:46:05.344+00:00
cmkla2mnq0020nkbzr5j7wp81,cmkl9fbfm0000gobzydurnnld,188b5a3bfc0fa2fd,2023-06-13T16:43:06.000+00:00,11:45 AM,Rookwood,,991,34,166,191,4751,3.26,1748,6.7,11,1.6,6,535,327,283.31,1064,527,330,504,19.9,23.5,91,76,30.6,57,1,2,20,25,9,2026-01-19T14:46:05.366+00:00,2026-01-19T14:46:05.366+00:00
cmkla2moc0021nkbzg7x32she,cmkl9fbfm0000gobzydurnnld,18896be04f96feba,2023-06-07T16:43:34.000+00:00,11:45 AM,Rookwood,,756,25,141,185,4565,3.03,1574,6.9,10,1.4,3,522,360,219.83,1254,744,4,321,17,20.7,111,86,27.8,56,18,2,11,20,5,2026-01-19T14:46:05.388+00:00,2026-01-19T14:46:05.388+00:00
cmkla2mov0022nkbzj4vu0s7f,cmkl9fbfm0000gobzydurnnld,1882aa880bf66e4c,2023-05-17T17:01:05.000+00:00,12:00 PM,"Newport, KY",,928,17,154,197,4621,2.63,1562,6.1,11,0.9,1,594,327,121.83,,,,,,,,,,60,3,8,32,11,6,2026-01-19T14:46:05.407+00:00,2026-01-19T14:46:05.407+00:00
cmkla2mpf0023nkbz9rm9kshv,cmkl9fbfm0000gobzydurnnld,187d8325eca3ec72,2023-05-01T16:43:11.000+00:00,11:45 AM,Rookwood,,850,36,167,186,4629,3.1,1678,6.7,10,2.3,5,541,360,376.87,647,668,7,288,17.1,18.4,105,97,28.4,49,1,2,10,24,12,2026-01-19T14:46:05.427+00:00,2026-01-19T14:46:05.427+00:00
cmkla2mq00024nkbzq1a9z2yv,cmkl9fbfm0000gobzydurnnld,187ba4c2e57b4ddb,2023-04-25T21:22:46.000+00:00,4:20 PM,Rookwood,,864,24,155,185,4014,2.76,1498,6.7,12,1.4,3,538,300,208.62,1145,701,4,477,18.5,22.2,103,81,29.1,54,3,5,22,23,1,2026-01-19T14:46:05.448+00:00,2026-01-19T14:46:05.448+00:00
cmkla2mqj0025nkbzzn2og214,cmkl9fbfm0000gobzydurnnld,1879f9a5ef5f90c9,2023-04-20T16:58:26.000+00:00,12:00 PM,"Newport, KY",,954,36,162,181,4076,2.34,1390,5.8,12,1.1,44.5,616,300,132.38,1243,769,4,358,17.9,19.8,101,90,29,59,2,3,18,33,3,2026-01-19T14:46:05.467+00:00,2026-01-19T14:46:05.467+00:00
cmkla2mr50026nkbz2sp80xys,cmkl9fbfm0000gobzydurnnld,187954d1b72e16be,2023-04-18T16:57:50.000+00:00,12:00 PM,West Chester,West Chester,903,28,161,186,4513,3.03,1567,7,11,1.9,5,517,327,299.86,985,450,8,491,19.4,22.6,93,79,31.5,55,1,3,23,25,3,2026-01-19T14:46:05.489+00:00,2026-01-19T14:46:05.489+00:00
cmkla2mrq0027nkbzux36rrx1,cmkl9fbfm0000gobzydurnnld,1875780f7626e0cc,2023-04-06T16:58:01.000+00:00,12:00 PM,West Chester,West Chester,795,16,152,182,3151,1.58,838,6.7,10,1,1,537,360,83.15,1551,511,2,420,18.2,22,101,81,30.7,52,4,4,28,15,1,2026-01-19T14:46:05.510+00:00,2026-01-19T14:46:05.510+00:00
cmkla2ms90028nkbzbor84s4m,cmkl9fbfm0000gobzydurnnld,18733748afb76310,2023-03-30T16:58:07.000+00:00,12:00 PM,"Newport, KY",,967,38,164,188,4106,3.39,1633,7.5,10,1,1,482,360,179.12,,,,,,,,,,57,2,4,13,26,12,2026-01-19T14:46:05.529+00:00,2026-01-19T14:46:05.529+00:00
cmkla2msv0029nkbzxmrr8r1h,cmkl9fbfm0000gobzydurnnld,187051d3453343b7,2023-03-21T17:00:12.000+00:00,12:00 PM,"Newport, KY",,870,25,150,186,4046,1.86,1008,6.9,12,1.6,7,520,300,158.38,2318,948,6,455,16.7,21.6,108,83,26.1,59,10,9,15,18,7,2026-01-19T14:46:05.551+00:00,2026-01-19T14:46:05.551+00:00
cmkla2mtf002ankbz7xpg2w95,cmkl9fbfm0000gobzydurnnld,186dbe84c897c233,2023-03-13T16:57:59.000+00:00,12:00 PM,"Newport, KY",,919,32,160,186,4338,2.86,1462,7.1,10,1,1,509,360,151.21,2524,1161,4,486,9.5,22.7,97,79,29.9,58,2,5,19,25,7,2026-01-19T14:46:05.571+00:00,2026-01-19T14:46:05.571+00:00
cmkla2mu0002bnkbzuiy7rr80,cmkl9fbfm0000gobzydurnnld,186c252860c3f219,2023-03-08T17:43:53.000+00:00,11:45 AM,Rookwood,,885,36,160,186,3920,2.16,1023,7.6,12,1,1,474,300,113.77,2501,920,7,440,19.7,22.3,92,80,30.3,55,4,4,11,35,1,2026-01-19T14:46:05.592+00:00,2026-01-19T14:46:05.592+00:00
cmkla2mui002cnkbzlxqpsca1,cmkl9fbfm0000gobzydurnnld,186a8a22cf924f02,2023-03-03T18:00:45.000+00:00,12:00 PM,West Chester,West Chester,785,14,142,187,3436,2.07,1143,6.5,10,1,1,555,360,108.69,2283,531,233,374,17.6,36,103,50,27,57,9,15,19,12,2,2026-01-19T14:46:05.610+00:00,2026-01-19T14:46:05.610+00:00
cmkla2mv0002dnkbzmvzs1zfo,cmkl9fbfm0000gobzydurnnld,186991ef472ae457,2023-02-28T17:43:07.000+00:00,11:45 AM,Rookwood,,769,29,164,187,4329,3.36,1624,7.4,9.5,1,1,484,379,176.94,,,,,,,,,,46,1,5,11,17,12,2026-01-19T14:46:05.628+00:00,2026-01-19T14:46:05.628+00:00
cmkla2mvl002enkbz2g2a2fpp,cmkl9fbfm0000gobzydurnnld,1867f6e403b87ffa,2023-02-23T17:59:36.000+00:00,12:00 PM,"Newport, KY",,948,30,160,186,4919,3.37,1695,7.1,11,1.7,6,504,327,296.99,1382,438,8,526,18.9,22.5,96,79,29,59,0,6,23,28,2,2026-01-19T14:46:05.649+00:00,2026-01-19T14:46:05.649+00:00
cmkla2mw6002fnkbzxc6r6pwo,cmkl9fbfm0000gobzydurnnld,1866eb057be36c7e,2023-02-20T11:58:15.000+00:00,6:00 AM,Rookwood,,664,13,129,175,3548,2.02,1028,7.1,10,1,1,507,360,106.24,2695,1345,5,472,17.7,22.6,103,79,25.3,57,23,7,14,13,0,2026-01-19T14:46:05.670+00:00,2026-01-19T14:46:05.670+00:00
cmkla2mwr002gnkbzsb1of6al,cmkl9fbfm0000gobzydurnnld,1865b605ba07e7ce,2023-02-16T17:58:06.000+00:00,12:00 PM,West Chester,West Chester,932,28,159,183,4558,3.43,1747,7.1,12,1,1,507,300,180.99,903,391,5,496,10.3,23,102,78,21.2,58,2,4,24,25,3,2026-01-19T14:46:05.691+00:00,2026-01-19T14:46:05.691+00:00
cmkla2mxe002hnkbz01adja13,cmkl9fbfm0000gobzydurnnld,1864beef425f78aa,2023-02-13T17:59:55.000+00:00,12:00 PM,"Newport, KY",,857,25,149,180,4562,3.3,1545,7.7,10,1,1,468,360,173.79,850,493,4,292,16.6,18.2,109,98,22,60,10,8,17,24,1,2026-01-19T14:46:05.714+00:00,2026-01-19T14:46:05.714+00:00
cmkla2mxz002inkbzn3plw9j6,cmkl9fbfm0000gobzydurnnld,1862cf975d3b4e40,2023-02-07T17:43:10.000+00:00,11:45 AM,Rookwood,,937,34,160,208,4108,3.12,1566,7.2,11,1,1,502,327,164.55,1084,705,6,346,16.9,19.4,107,92,20.6,58,4,3,17,21,13,2026-01-19T14:46:05.735+00:00,2026-01-19T14:46:05.735+00:00
cmkla2mys002jnkbz8n7bu17o,cmkl9fbfm0000gobzydurnnld,18603d43e8e89548,2023-01-30T17:58:06.000+00:00,12:00 PM,"Newport, KY",,769,23,142,182,3876,2.32,1442,5.8,11,3.9,12,617,327,479.39,898,340,313,562,18.8,23.2,98,77,26.7,56,17,4,12,22,1,2026-01-19T14:46:05.764+00:00,2026-01-19T14:46:05.764+00:00
cmkla2mzm002knkbzpriq3sj0,cmkl9fbfm0000gobzydurnnld,185ea0821523a0bb,2023-01-25T17:44:38.000+00:00,11:45 AM,Rookwood,,798,19,150,182,4097,2.62,1418,6.4,12,1.6,5,559,300,227.1,230,55,8,374,16.1,19.2,102,93,26.3,54,5,9,21,18,1,2026-01-19T14:46:05.794+00:00,2026-01-19T14:46:05.794+00:00
cmkla2n0a002lnkbzfqxfnbgc,cmkl9fbfm0000gobzydurnnld,185c607e7775ff85,2023-01-18T17:58:04.000+00:00,12:00 PM,West Chester,West Chester,871,27,155,181,3807,1.89,962,7,12,1.1,9,510,300,104.9,2522,1252,2,416,16.6,21.9,110,82,27.6,56,2,3,24,23,4,2026-01-19T14:46:05.818+00:00,2026-01-19T14:46:05.818+00:00
cmkla2n0y002mnkbz6qnwqv4v,cmkl9fbfm0000gobzydurnnld,185a1fc955ec91ed,2023-01-11T17:59:22.000+00:00,12:00 PM,Rookwood,,831,12,147,190,4044,2.33,1239,6.7,12,1,1,537,300,122.92,364,358,3,176,13.4,15.2,134,118,25.9,58,4,14,28,6,6,2026-01-19T14:46:05.842+00:00,2026-01-19T14:46:05.842+00:00
cmkla2n1n002nnkbzrlfkhz7w,cmkl9fbfm0000gobzydurnnld,18583160ae0534a3,2023-01-05T17:58:57.000+00:00,12:00 PM,West Chester,West Chester,836,22,157,186,4169,3.03,1519,7.1,9,1,3,503,400,164.68,,,,,,,,,,52,3,5,22,16,6,2026-01-19T14:46:05.867+00:00,2026-01-19T14:46:05.867+00:00
cmkla2n2f002onkbzir4hkurv,cmkl9fbfm0000gobzydurnnld,18578c889111bb50,2023-01-03T17:58:05.000+00:00,12:00 PM,Rookwood,,873,23,152,189,4518,2.92,1545,6.8,12,1.6,4,526,300,244.78,901,435,9,500,19.6,22.9,92,78,30.8,58,7,8,20,16,7,2026-01-19T14:46:05.895+00:00,2026-01-19T14:46:05.895+00:00
cmkla2n38002pnkbztmsaufq0,cmkl9fbfm0000gobzydurnnld,18573a26b7123936,2023-01-02T17:58:21.000+00:00,12:00 PM,West Chester,West Chester,985,39,165,190,4131,0.9,523,6.5,10,1,1,553,360,47.5,2867,938,6,384,16.8,20.3,107,88,26.1,57,2,1,15,28,11,2026-01-19T14:46:05.924+00:00,2026-01-19T14:46:05.924+00:00
cmkla2n3r002qnkbzvjy70q2s,cmkl9fbfm0000gobzydurnnld,1855e9aa6da983c7,2022-12-29T15:57:50.000+00:00,10:00 AM,West Chester,West Chester,841,30,151,191,4326,2.74,1489,6.6,9,1,1,543,400,144.36,,,,,,,,,,57,14,3,10,8,22,2026-01-19T14:46:05.943+00:00,2026-01-19T14:46:05.943+00:00
cmkla2n4c002rnkbzdpge7kqa,cmkl9fbfm0000gobzydurnnld,1851681a71ae3681,2022-12-15T15:57:53.000+00:00,10:00 AM,West Chester,West Chester,875,26,158,189,3754,2.03,1225,6,9,1,1,601,400,107.02,,,,,,,,,,56,2,5,23,22,4,2026-01-19T14:46:05.964+00:00,2026-01-19T14:46:05.964+00:00
cmkla2n4v002snkbzos887yc5,cmkl9fbfm0000gobzydurnnld,18511c932c9867e6,2022-12-14T17:57:56.000+00:00,12:00 PM,West Chester,West Chester,891,29,159,188,4027,3.02,1704,6.4,12,1,1,563,300,159.25,,,,,,,,,,56,2,5,20,22,7,2026-01-19T14:46:05.983+00:00,2026-01-19T14:46:05.983+00:00
cmkla2n5h002tnkbzm6xrqhl5,cmkl9fbfm0000gobzydurnnld,185077c77628f8c4,2022-12-12T17:57:54.000+00:00,12:00 PM,Rookwood,,916,41,167,187,4630,2.12,1082,7.1,10,1.9,3,506,360,211.69,2776,848,4,422,17.3,20.7,104,86,29.4,53,1,2,9,32,9,2026-01-19T14:46:06.005+00:00,2026-01-19T14:46:06.005+00:00
cmkla2n5z002unkbz2waj1rby,cmkl9fbfm0000gobzydurnnld,184e3701ad879f2a,2022-12-05T17:58:04.000+00:00,12:00 PM,Rookwood,,824,29,166,188,4171,2.89,1586,6.5,9,2.6,7,553,400,393.19,481,246,5,460,19.6,21.6,92,83,31,47,1,1,16,15,14,2026-01-19T14:46:06.023+00:00,2026-01-19T14:46:06.023+00:00
cmkla2n6l002vnkbz52qxoa6d,cmkl9fbfm0000gobzydurnnld,184cfc9001a4055a,2022-12-01T22:22:46.000+00:00,4:20 PM,Rookwood,,742,15,145,183,3103,1.77,998,6.4,12,1,1,564,300,93.32,1456,417,8,527,18.9,22.6,96,79,32.3,54,5,17,17,14,1,2026-01-19T14:46:06.045+00:00,2026-01-19T14:46:06.045+00:00
cmkla2n77002wnkbz9cs547kv,cmkl9fbfm0000gobzydurnnld,184c57c4e89290ba,2022-11-29T22:22:47.000+00:00,4:20 PM,Rookwood,,853,25,159,189,3966,2.54,1627,5.6,9,3.2,8,638,400,428.87,612,129,9,593,20.5,23.7,90,76,32.1,54,1,5,23,19,6,2026-01-19T14:46:06.067+00:00,2026-01-19T14:46:06.067+00:00
cmkla2n7u002xnkbzzng3zqnl,cmkl9fbfm0000gobzydurnnld,1847d5eaf06b038d,2022-11-15T22:17:47.000+00:00,4:20 PM,Rookwood,,869,31,158,195,4124,2.71,1457,6.7,12,1,1,537,300,142.52,1398,512,2,468,18.6,21.7,97,82,24.8,54,4,4,15,12,19,2026-01-19T14:46:06.090+00:00,2026-01-19T14:46:06.090+00:00
cmkla2n8g002ynkbzhrgys22r,cmkl9fbfm0000gobzydurnnld,18463a3890531c44,2022-11-10T22:22:51.000+00:00,4:20 PM,Rookwood,,719,19,148,186,2588,1.53,958,5.8,12,1,1,622,300,80.58,680,169,346,608,19.5,23.2,95,77,30.8,57,13,2,23,14,5,2026-01-19T14:46:06.112+00:00,2026-01-19T14:46:06.112+00:00
cmkla2n8z002znkbzdz5hvpj1,cmkl9fbfm0000gobzydurnnld,1844393f21ec457c,2022-11-04T16:57:59.000+00:00,12:00 PM,West Chester,West Chester,854,23,155,190,3996,2.63,1296,7.2,10,1,1,501,360,137.38,,,,,,,,,,56,2,5,26,11,12,2026-01-19T14:46:06.131+00:00,2026-01-19T14:46:06.131+00:00
cmkla2n9k0030nkbzgdfuxvh2,cmkl9fbfm0000gobzydurnnld,183fb7be477aaab9,2022-10-21T16:59:03.000+00:00,12:00 PM,"Newport, KY",,932,37,162,191,4288,2.83,1465,6.9,12,1,1,518,300,149.48,1350,570,6,384,16.8,19.4,112,92,23.7,55,2,3,13,16,21,2026-01-19T14:46:06.152+00:00,2026-01-19T14:46:06.152+00:00
cmkla2na50031nkbz0hpn3aqc,cmkl9fbfm0000gobzydurnnld,183d331c5f83f058,2022-10-13T21:13:17.000+00:00,4:15 PM,Rookwood,,902,35,155,189,3297,1.48,837,6.4,12,1,1,562,300,78.31,3151,853,5,533,16.8,28.4,125,63,28.7,59,8,3,13,22,13,2026-01-19T14:46:06.173+00:00,2026-01-19T14:46:06.173+00:00
cmkla2nao0032nkbze9ze1se0,cmkl9fbfm0000gobzydurnnld,183ae3d6c70c0a33,2022-10-06T17:00:03.000+00:00,12:00 PM,Fairfield,,793,16,140,182,2909,1.49,939,5.7,12,1,1,628,300,78.41,2403,930,1,333,16.2,19.3,111,93,25.7,60,9,10,25,13,3,2026-01-19T14:46:06.192+00:00,2026-01-19T14:46:06.192+00:00
cmkla2nb80033nkbzesxzx5f4,cmkl9fbfm0000gobzydurnnld,1838636adafc0af0,2022-09-28T22:27:53.000+00:00,5:30 PM,West Chester,West Chester,775,15,146,179,3960,1.87,1078,6.2,12,1,1,578,300,97.47,,,,,,,,,,55,4,7,29,13,2,2026-01-19T14:46:06.212+00:00,2026-01-19T14:46:06.212+00:00
cmkla2nbr0034nkbzhbw3czfw,cmkl9fbfm0000gobzydurnnld,1837bec08966d253,2022-09-26T22:30:09.000+00:00,5:30 PM,West Chester,West Chester,799,15,142,185,2982,2.07,1007,7.4,10,1.1,12,489,360,121.93,,,,,,,,,,58,7,11,25,7,8,2026-01-19T14:46:06.231+00:00,2026-01-19T14:46:06.231+00:00
cmkla2ncc0035nkbza5t2jujg,cmkl9fbfm0000gobzydurnnld,183622ae166bfe6f,2022-09-21T22:28:39.000+00:00,5:30 PM,West Chester,West Chester,799,20,143,185,3519,2,1229,5.8,12,3.3,10,621,300,347.82,,,,,,,,,,58,9,10,19,11,9,2026-01-19T14:46:06.252+00:00,2026-01-19T14:46:06.252+00:00
cmkla2nct0036nkbzoymfhxvy,cmkl9fbfm0000gobzydurnnld,18357dd916e9ac01,2022-09-19T22:28:01.000+00:00,5:30 PM,West Chester,West Chester,800,22,151,185,3102,2.08,1130,6.6,12,1,1,542,300,109.94,,,,,,,,,,54,2,9,21,14,8,2026-01-19T14:46:06.269+00:00,2026-01-19T14:46:06.269+00:00
cmkla2ndb0037nkbzf63o7qps,cmkl9fbfm0000gobzydurnnld,1833e1d8a9e291a7,2022-09-14T22:27:45.000+00:00,5:30 PM,West Chester,West Chester,308,4,143,177,660,2.79,1406,7.1,10,1,1,504,360,147.41,,,,,,,,,,29,8,2,15,3,1,2026-01-19T14:46:06.287+00:00,2026-01-19T14:46:06.287+00:00
cmkla2ndt0038nkbzmwvge8w3,cmkl9fbfm0000gobzydurnnld,18333d148ed9b342,2022-09-12T22:28:16.000+00:00,5:30 PM,West Chester,West Chester,765,19,141,186,4406,2.62,1514,6.2,12,1,2,583,300,141.85,,,,,,,,,,58,9,13,17,14,5,2026-01-19T14:46:06.305+00:00,2026-01-19T14:46:06.305+00:00
cmkla2nee0039nkbzt8nbuyvu,cmkl9fbfm0000gobzydurnnld,182ebba06b01e80b,2022-08-29T22:30:12.000+00:00,5:30 PM,West Chester,West Chester,845,23,150,180,4591,2.77,1558,6.4,12,1.1,3,562,300,162.51,,,,,,,,,,58,5,8,22,14,9,2026-01-19T14:46:06.326+00:00,2026-01-19T14:46:06.326+00:00
cmkla2new003ankbzpb6xbi55,cmkl9fbfm0000gobzydurnnld,182ccd024cd1152d,2022-08-23T22:26:08.000+00:00,5:30 PM,West Chester,West Chester,729,17,140,185,3370,1.86,1027,6.5,11,1,1,554,327,97.88,,,,,,,,,,54,10,8,19,11,6,2026-01-19T14:46:06.344+00:00,2026-01-19T14:46:06.344+00:00
cmkla2nfb003bnkbzpqjgj0ht,cmkl9fbfm0000gobzydurnnld,182c7ac8c9dafdad,2022-08-22T22:29:09.000+00:00,5:30 PM,West Chester,West Chester,881,27,157,189,4188,3.18,1685,6.8,11,1.4,3,528,327,236.74,,,,,,,,,,55,1,6,21,10,17,2026-01-19T14:46:06.359+00:00,2026-01-19T14:46:06.359+00:00
cmkla2nfo003cnkbz8534ft74,cmkl9fbfm0000gobzydurnnld,182adedfd3b492ee,2022-08-17T22:30:30.000+00:00,5:30 PM,West Chester,West Chester,755,27,141,190,4300,2.78,1565,6.4,10,1,1,560,360,146.69,,,,,,,,,,57,16,5,9,11,16,2026-01-19T14:46:06.372+00:00,2026-01-19T14:46:06.372+00:00
cmkla2ng4003dnkbznzegbs7u,cmkl9fbfm0000gobzydurnnld,1823c5c0ca292ee2,2022-07-26T21:14:01.000+00:00,4:15 PM,West Chester,West Chester,744,22,141,185,4263,2.78,1603,6.2,12,1,1,577,300,146.34,,,,,,,,,,55,12,7,14,12,10,2026-01-19T14:46:06.388+00:00,2026-01-19T14:46:06.388+00:00
cmkla2ngj003enkbz2cjx9oae,cmkl9fbfm0000gobzydurnnld,182364d674a3916c,2022-07-25T17:00:18.000+00:00,12:00 PM,West Chester,West Chester,866,27,153,186,4392,3.08,1704,6.5,12,1,1,554,300,162.28,,,,,,,,,,57,3,8,19,17,10,2026-01-19T14:46:06.403+00:00,2026-01-19T14:46:06.403+00:00
cmkla2nh0003fnkbzdx148i6c,cmkl9fbfm0000gobzydurnnld,18227c21a05eed1c,2022-07-22T21:13:28.000+00:00,4:15 PM,West Chester,West Chester,777,27,147,186,4425,2.64,1560,6.1,11,1,1,590,327,139.01,,,,,,,,,,55,12,2,14,17,10,2026-01-19T14:46:06.419+00:00,2026-01-19T14:46:06.419+00:00
cmkla2nhc003gnkbzexuxkynx,cmkl9fbfm0000gobzydurnnld,182184f30ed1d068,2022-07-19T21:13:38.000+00:00,4:15 PM,Rookwood,,850,26,152,189,3226,1.75,797,7.6,12,1,1,472,300,91.47,,,,,,,,,,56,5,7,18,9,17,2026-01-19T14:46:06.432+00:00,2026-01-19T14:46:06.432+00:00
cmkla2nhs003hnkbza5s72ji8,cmkl9fbfm0000gobzydurnnld,181fe9012b211184,2022-07-14T21:14:22.000+00:00,4:15 PM,West Chester,West Chester,867,32,158,187,3829,2.66,1579,6.1,12,1,1,589,300,140.68,,,,,,,,,,56,2,7,15,17,15,2026-01-19T14:46:06.448+00:00,2026-01-19T14:46:06.448+00:00
cmkla2ni8003inkbzkg7md98e,cmkl9fbfm0000gobzydurnnld,181ef60df48b08d4,2022-07-11T22:28:31.000+00:00,5:30 PM,West Chester,West Chester,863,25,152,186,4751,3.16,1723,6.6,12,1,1,543,300,166.44,,,,,,,,,,57,3,6,23,14,11,2026-01-19T14:46:06.464+00:00,2026-01-19T14:46:06.464+00:00
cmkla2nin003jnkbzwg5gqqdf,cmkl9fbfm0000gobzydurnnld,181dfee25126d56a,2022-07-08T22:28:54.000+00:00,5:30 PM,West Chester,West Chester,857,26,151,188,3788,2.45,1444,6.1,11,1,1,587,327,124.31,,,,,,,,,,58,6,5,21,15,11,2026-01-19T14:46:06.479+00:00,2026-01-19T14:46:06.479+00:00
cmkla2nj4003knkbz2wpi1svt,cmkl9fbfm0000gobzydurnnld,181b67603c90015c,2022-06-30T21:13:15.000+00:00,4:15 PM,West Chester,West Chester,777,22,148,186,4227,2.82,1474,6.8,12,1,1,529,300,148.67,,,,,,,,,,54,4,9,19,14,8,2026-01-19T14:46:06.496+00:00,2026-01-19T14:46:06.496+00:00
cmkla2njh003lnkbz9swmaw1g,cmkl9fbfm0000gobzydurnnld,181978fb82a9033d,2022-06-24T21:13:06.000+00:00,4:15 PM,West Chester,West Chester,894,34,160,188,4309,2.92,1599,6.5,12,1,1,552,300,153.7,,,,,,,,,,56,1,2,19,23,11,2026-01-19T14:46:06.509+00:00,2026-01-19T14:46:06.509+00:00
cmkla2njy003mnkbz9hdbq02q,cmkl9fbfm0000gobzydurnnld,1818d43a6f636d6a,2022-06-22T21:13:49.000+00:00,4:15 PM,West Chester,West Chester,694,19,137,179,3778,2.71,1572,6.2,10,2.2,6,580,360,309.6,,,,,,,,,,54,15,10,10,15,4,2026-01-19T14:46:06.526+00:00,2026-01-19T14:46:06.526+00:00
cmkla2nki003nnkbzqukdnguo,cmkl9fbfm0000gobzydurnnld,1816ea20277a2300,2022-06-16T22:28:39.000+00:00,5:30 PM,West Chester,West Chester,676,15,144,182,3749,2.36,1541,5.5,9,3.3,8,648,400,406.42,,,,,,,,,,49,5,12,17,12,3,2026-01-19T14:46:06.546+00:00,2026-01-19T14:46:06.546+00:00
cmkla2nkx003onkbzgfyqeaeu,cmkl9fbfm0000gobzydurnnld,181457124a325658,2022-06-08T22:30:51.000+00:00,5:30 PM,West Chester,West Chester,869,27,153,188,4486,3.3,1543,7.7,10,1,1,469,360,173.98,,,,,,,,,,57,6,8,16,7,20,2026-01-19T14:46:06.561+00:00,2026-01-19T14:46:06.561+00:00
cmkla2nld003pnkbz8r6yushh,cmkl9fbfm0000gobzydurnnld,1813b2326545c3cd,2022-06-06T22:29:27.000+00:00,5:30 PM,West Chester,West Chester,727,14,136,179,3103,1.4,711,6.9,12,1,1,521,300,72.7,,,,,,,,,,57,12,10,21,13,1,2026-01-19T14:46:06.577+00:00,2026-01-19T14:46:06.577+00:00
cmkla2nlr003qnkbzdn7pv2gt,cmkl9fbfm0000gobzydurnnld,18121713e3f37980,2022-06-01T22:44:38.000+00:00,5:30 PM,West Chester,West Chester,941,27,145,188,4353,3.17,1636,7,11,1,1,516,327,167.05,,,,,,,,,,69,9,17,16,12,15,2026-01-19T14:46:06.591+00:00,2026-01-19T14:46:06.591+00:00
cmkla2nm8003rnkbztvsecqn0,cmkl9fbfm0000gobzydurnnld,18107a33659343c7,2022-05-27T22:29:05.000+00:00,5:30 PM,West Chester,West Chester,813,21,150,182,2792,1.81,1093,6,10,1.9,9,601,360,180.87,,,,,,,,,,56,2,8,25,15,6,2026-01-19T14:46:06.608+00:00,2026-01-19T14:46:06.608+00:00
cmkla2nmo003snkbzmkh6roc7,cmkl9fbfm0000gobzydurnnld,180fd5911bde3010,2022-05-25T22:31:52.000+00:00,5:30 PM,West Chester,West Chester,838,28,143,188,4499,2.45,1552,5.7,12,2.4,7,631,300,311.77,,,,,,,,,,63,13,3,19,17,11,2026-01-19T14:46:06.624+00:00,2026-01-19T14:46:06.624+00:00
cmkla2nn6003tnkbzd9rxxow4,cmkl9fbfm0000gobzydurnnld,180b540013b9c7d2,2022-05-11T22:31:51.000+00:00,5:30 PM,West Chester,West Chester,922,28,153,183,4954,3.11,1743,6.4,10,2.5,8,560,360,418.9,,,,,,,,,,61,3,7,23,19,9,2026-01-19T14:46:06.642+00:00,2026-01-19T14:46:06.642+00:00
cmkla2nnq003unkbzwn1kfeyl,cmkl9fbfm0000gobzydurnnld,180aafebbe58832f,2022-05-09T22:44:21.000+00:00,5:30 PM,West Chester,West Chester,826,19,143,186,3815,1.49,980,5.5,10,6.3,15,656,360,498.2,,,,,,,,,,61,7,13,22,9,10,2026-01-19T14:46:06.662+00:00,2026-01-19T14:46:06.662+00:00
cmkla2no5003vnkbzjibness4,cmkl9fbfm0000gobzydurnnld,1809b3c3b0c7be01,2022-05-06T21:17:36.000+00:00,4:15 PM,West Chester,West Chester,848,18,147,184,2954,1.9,1162,5.9,12,1,1,611,300,100.49,,,,,,,,,,60,3,11,28,15,3,2026-01-19T14:46:06.677+00:00,2026-01-19T14:46:06.677+00:00
cmkla2noo003wnkbzg54tcww1,cmkl9fbfm0000gobzydurnnld,18091392599ebd2a,2022-05-04T22:38:02.000+00:00,5:30 PM,West Chester,West Chester,932,27,151,188,4399,3.11,1730,6.5,12,1,1,558,300,162.89,,,,,,,,,,63,3,11,22,18,9,2026-01-19T14:46:06.696+00:00,2026-01-19T14:46:06.696+00:00
cmkla2np6003xnkbzsmui2npr,cmkl9fbfm0000gobzydurnnld,18086e76ec702ce2,2022-05-02T22:32:34.000+00:00,5:30 PM,West Chester,West Chester,801,15,141,183,3383,1.65,1007,6,9,2.2,5,603,400,195.1,,,,,,,,,,59,8,9,27,11,4,2026-01-19T14:46:06.714+00:00,2026-01-19T14:46:06.714+00:00
cmkla2npl003ynkbz5bwae2vx,cmkl9fbfm0000gobzydurnnld,180772be8d72286c,2022-04-29T21:13:27.000+00:00,4:15 PM,West Chester,West Chester,725,23,138,187,4733,2.68,1552,6.2,11,2.4,7,580,327,333,,,,,,,,,,56,16,6,11,8,15,2026-01-19T14:46:06.729+00:00,2026-01-19T14:46:06.729+00:00
cmkla2nq3003znkbzmsvh8mlg,cmkl9fbfm0000gobzydurnnld,18062d8687d2bf4f,2022-04-25T22:29:50.000+00:00,5:30 PM,West Chester,West Chester,839,26,149,191,3622,1.84,927,7.2,10,1,1,497,360,96.97,,,,,,,,,,58,8,7,17,13,13,2026-01-19T14:46:06.747+00:00,2026-01-19T14:46:06.747+00:00
cmkla2nqj0040nkbz760l9zs2,cmkl9fbfm0000gobzydurnnld,18050b61de34c468,2022-04-22T09:59:13.000+00:00,5:00 AM,West Chester,West Chester,838,25,148,189,4429,2.7,1492,6.5,10,1,1,555,360,142.59,,,,,,,,,,59,7,9,18,7,18,2026-01-19T14:46:06.763+00:00,2026-01-19T14:46:06.763+00:00
cmkla2nqz0041nkbzmrdx4w23,cmkl9fbfm0000gobzydurnnld,17ff6b4ceee276b4,2022-04-04T22:31:58.000+00:00,5:30 PM,West Chester,West Chester,853,23,147,184,3528,1.69,1026,5.9,12,1,1,606,300,89.27,,,,,,,,,,60,8,6,23,15,8,2026-01-19T14:46:06.779+00:00,2026-01-19T14:46:06.779+00:00
cmkla2nri0042nkbz68fqh77i,cmkl9fbfm0000gobzydurnnld,17fe21aa6bd68f2b,2022-03-31T22:31:11.000+00:00,5:30 PM,West Chester,West Chester,769,19,142,181,4162,2.67,1602,6,11,1.3,5,599,327,186.78,,,,,,,,,,56,10,7,20,11,8,2026-01-19T14:46:06.798+00:00,2026-01-19T14:46:06.798+00:00
cmkla2ns10043nkbzwpzk9lvo,cmkl9fbfm0000gobzydurnnld,17fd2a7babfae4f5,2022-03-28T22:31:21.000+00:00,5:30 PM,West Chester,West Chester,707,22,136,185,3493,1.98,1092,6.5,9,1,1,554,400,104.31,,,,,,,,,,57,18,7,10,11,11,2026-01-19T14:46:06.817+00:00,2026-01-19T14:46:06.817+00:00
cmkla2nsk0044nkbz3px2yd0d,cmkl9fbfm0000gobzydurnnld,17fb8e67322b8801,2022-03-23T22:29:44.000+00:00,5:30 PM,West Chester,West Chester,832,22,148,185,4078,1.81,1038,6.2,10,1,1,576,360,94.47,,,,,,,,,,58,3,11,22,13,9,2026-01-19T14:46:06.836+00:00,2026-01-19T14:46:06.836+00:00
cmkla2nt00045nkbzo7lk7wn2,cmkl9fbfm0000gobzydurnnld,17f7b0c81ee4ffdc,2022-03-11T22:14:49.000+00:00,4:15 PM,West Chester,West Chester,857,24,148,183,4413,2.78,1579,6.5,12,1.6,9,550,300,240.4,,,,,,,,,,60,7,8,21,10,14,2026-01-19T14:46:06.852+00:00,2026-01-19T14:46:06.852+00:00
cmkla2ntk0046nkbztj08b7xj,cmkl9fbfm0000gobzydurnnld,17f66b6276441829,2022-03-07T23:28:07.000+00:00,5:30 PM,West Chester,West Chester,772,16,144,182,3807,1.91,1029,6.7,9,1,1,538,400,100.69,,,,,,,,,,56,9,7,24,6,10,2026-01-19T14:46:06.872+00:00,2026-01-19T14:46:06.872+00:00
cmkla2nu20047nkbz9g0sk5p5,cmkl9fbfm0000gobzydurnnld,17f56ff6114a9e1c,2022-03-04T22:14:10.000+00:00,4:15 PM,West Chester,West Chester,723,14,136,180,2350,1.34,551,8.1,10,0.8,1,443,360,58.25,,,,,,,,,,57,13,12,18,13,1,2026-01-19T14:46:06.890+00:00,2026-01-19T14:46:06.890+00:00
cmkla2nui0048nkbz3pdmqkyu,cmkl9fbfm0000gobzydurnnld,17f4cf8319ba7480,2022-03-02T23:30:07.000+00:00,5:30 PM,West Chester,West Chester,818,23,151,184,2958,1.85,1042,6.4,11,1,1,564,327,97.06,,,,,,,,,,55,1,10,21,18,5,2026-01-19T14:46:06.906+00:00,2026-01-19T14:46:06.906+00:00
cmkla2nuz0049nkbzc4pdqhmn,cmkl9fbfm0000gobzydurnnld,17f42654f8fa76db,2022-02-28T22:13:29.000+00:00,4:15 PM,West Chester,West Chester,784,21,143,183,4181,2.7,1604,6.1,10,1.8,5,591,360,258.88,,,,,,,,,,57,8,12,16,11,10,2026-01-19T14:46:06.923+00:00,2026-01-19T14:46:06.923+00:00
cmkla2nvd004ankbzapjov4a6,cmkl9fbfm0000gobzydurnnld,17f32f35269bc993,2022-02-25T22:14:40.000+00:00,4:15 PM,Rookwood,,874,25,154,187,2970,1.88,988,6.8,10,1,2,527,360,99.15,,,,,,,,,,57,4,4,24,11,14,2026-01-19T14:46:06.937+00:00,2026-01-19T14:46:06.937+00:00
cmkla2nvw004bnkbzev4czmx1,cmkl9fbfm0000gobzydurnnld,17f28ebdce94791e,2022-02-23T23:30:19.000+00:00,5:30 PM,West Chester,West Chester,868,24,150,185,3280,1.85,1078,6.1,11,0.9,1,586,327,90.14,,,,,,,,,,60,4,8,24,19,5,2026-01-19T14:46:06.956+00:00,2026-01-19T14:46:06.956+00:00
cmkla2nwc004cnkbz8j760xar,cmkl9fbfm0000gobzydurnnld,17f237f9cfcb948f,2022-02-22T22:13:59.000+00:00,4:15 PM,Rookwood,,932,38,163,192,4218,2.79,1598,6.4,11,1.7,5,565,327,254.22,,,,,,,,,,55,3,2,12,18,20,2026-01-19T14:46:06.972+00:00,2026-01-19T14:46:06.972+00:00
cmkla2nwq004dnkbz59t1gx8w,cmkl9fbfm0000gobzydurnnld,17f09bfbce26ca90,2022-02-17T22:13:54.000+00:00,4:15 PM,Rookwood,,999,45,167,190,4548,3.03,1609,6.8,10,1,1,529,360,159.91,,,,,,,,,,57,4,1,7,18,27,2026-01-19T14:46:06.986+00:00,2026-01-19T14:46:06.986+00:00
cmkla2nx9004enkbzswvxtli6,cmkl9fbfm0000gobzydurnnld,17eff726ff717c2c,2022-02-15T22:13:15.000+00:00,4:15 PM,Rookwood,,919,33,159,194,3619,2.27,1343,6.1,12,1,1,592,300,119.11,,,,,,,,,,56,2,3,18,19,14,2026-01-19T14:46:07.005+00:00,2026-01-19T14:46:07.005+00:00
cmkla2nxp004fnkbzownpkp8r,cmkl9fbfm0000gobzydurnnld,17efa942ec179fee,2022-02-14T23:32:00.000+00:00,5:30 PM,West Chester,West Chester,859,28,148,189,3275,1.77,1089,5.9,11,1.3,5,614,327,121.34,,,,,,,,,,60,10,5,17,17,11,2026-01-19T14:46:07.021+00:00,2026-01-19T14:46:07.021+00:00
cmkla2ny7004gnkbz2ddbk5jh,cmkl9fbfm0000gobzydurnnld,17ed68d362ab7847,2022-02-07T23:38:05.000+00:00,5:30 PM,West Chester,West Chester,22,0,78,97,,,,,,,,,,,,,,,,,,,,6,6,0,0,0,0,2026-01-19T14:46:07.039+00:00,2026-01-19T14:46:07.039+00:00
cmkla2nyq004hnkbz51q40i59,cmkl9fbfm0000gobzydurnnld,17ec6ccb75333bf9,2022-02-04T22:13:31.000+00:00,4:15 PM,West Chester,West Chester,833,28,147,181,3261,1.86,1043,6.4,12,1,1,563,300,97.85,,,,,,,,,,58,6,9,15,18,10,2026-01-19T14:46:07.058+00:00,2026-01-19T14:46:07.058+00:00
cmkla2nz9004inkbzbmf12wkk,cmkl9fbfm0000gobzydurnnld,17ebc8047b0a21f3,2022-02-02T22:13:50.000+00:00,4:15 PM,West Chester,West Chester,841,25,151,186,4333,2.61,1513,6.2,10,2.6,7,580,360,351.62,,,,,,,,,,58,6,8,19,8,17,2026-01-19T14:46:07.077+00:00,2026-01-19T14:46:07.077+00:00
cmkla2nzw004jnkbzgz9fhk5c,cmkl9fbfm0000gobzydurnnld,17eb233d043bb5ef,2022-01-31T22:14:07.000+00:00,4:15 PM,Rookwood,,952,37,162,193,3283,1.77,801,7.9,11,0,0,457,327,0,,,,,,,,,,58,2,4,15,19,18,2026-01-19T14:46:07.100+00:00,2026-01-19T14:46:07.100+00:00
cmkla2o0c004knkbz66p7xht0,cmkl9fbfm0000gobzydurnnld,17e98b84fa16c21e,2022-01-26T23:28:42.000+00:00,5:30 PM,West Chester,West Chester,780,24,147,190,3191,1.7,934,6.5,12,0,0,554,300,0,,,,,,,,,,55,9,6,16,14,10,2026-01-19T14:46:07.116+00:00,2026-01-19T14:46:07.116+00:00
cmkla2o0s004lnkbzrriovlqh,cmkl9fbfm0000gobzydurnnld,17e8e6c27edcfcd4,2022-01-24T23:29:18.000+00:00,5:30 PM,West Chester,West Chester,908,35,156,192,3702,1.87,995,6.8,11,1,1,532,327,95.64,,,,,,,,,,57,5,3,14,20,15,2026-01-19T14:46:07.132+00:00,2026-01-19T14:46:07.132+00:00
cmkla2o17004mnkbzlmfzt5c9,cmkl9fbfm0000gobzydurnnld,17e5aa7a0ba754b1,2022-01-14T22:14:01.000+00:00,4:15 PM,Rookwood,,1000,43,167,195,3945,2.93,1592,6.6,12,1.9,6,542,300,287.21,,,,,,,,,,58,1,5,9,19,24,2026-01-19T14:46:07.147+00:00,2026-01-19T14:46:07.147+00:00
cmkla2o1o004nnkbzdxhzs4kc,cmkl9fbfm0000gobzydurnnld,17e509c96e538b25,2022-01-12T23:25:45.000+00:00,5:30 PM,West Chester,West Chester,813,24,151,185,3182,1.5,884,6.1,12,2.9,5,592,300,228.47,,,,,,,,,,53,3,6,20,15,9,2026-01-19T14:46:07.164+00:00,2026-01-19T14:46:07.164+00:00
cmkla2o25004onkbzj48gjwdt,cmkl9fbfm0000gobzydurnnld,17e460de1d629434,2022-01-10T22:13:41.000+00:00,4:15 PM,Rookwood,,943,34,160,188,4032,2.63,1559,6.1,12,2,5,592,300,276.33,,,,,,,,,,58,2,4,18,15,19,2026-01-19T14:46:07.181+00:00,2026-01-19T14:46:07.181+00:00
cmkla2o2i004pnkbzllgrg790,cmkl9fbfm0000gobzydurnnld,17e3174102627f5d,2022-01-06T22:13:16.000+00:00,4:15 PM,West Chester,West Chester,872,28,157,192,4140,2.71,1507,6.5,12,2,8,557,300,286.36,,,,,,,,,,55,4,2,21,9,19,2026-01-19T14:46:07.194+00:00,2026-01-19T14:46:07.194+00:00
cmkla2o30004qnkbzlpkk0crh,cmkl9fbfm0000gobzydurnnld,17e2117b731fb51f,2022-01-03T17:58:28.000+00:00,12:00 PM,West Chester,West Chester,840,30,154,185,4212,2.59,1503,6.2,12,1,1,577,300,136.02,,,,,,,,,,55,5,4,16,18,12,2026-01-19T14:46:07.212+00:00,2026-01-19T14:46:07.212+00:00
cmkla2o3e004rnkbzzbk4v7ub,cmkl9fbfm0000gobzydurnnld,17e08428dd7b771c,2021-12-29T22:14:45.000+00:00,4:15 PM,West Chester,West Chester,900,30,153,187,4496,2.65,1586,6,12,2,9,598,300,279.19,,,,,,,,,,59,5,5,19,13,17,2026-01-19T14:46:07.226+00:00,2026-01-19T14:46:07.226+00:00
cmkla2o3v004snkbzmavc5rd3,cmkl9fbfm0000gobzydurnnld,17dfdd8d86db4497,2021-12-27T21:43:06.000+00:00,3:45 PM,Rookwood,,878,31,154,186,4446,2.51,1564,5.8,10,2.1,7,621,360,277.67,,,,,,,,,,57,7,2,17,15,16,2026-01-19T14:46:07.243+00:00,2026-01-19T14:46:07.243+00:00
cmkla2o4d004tnkbz5hzos2nv,cmkl9fbfm0000gobzydurnnld,17dda12be116bd05,2021-12-20T23:00:00.000+00:00,5:00 PM,Rookwood,,941,40,158,199,3735,2.04,972,7.5,11,1,1,477,327,107.71,,,,,,,,,,60,8,6,6,15,25,2026-01-19T14:46:07.261+00:00,2026-01-19T14:46:07.261+00:00
cmkla2o4s004unkbzmse4d2b7,cmkl9fbfm0000gobzydurnnld,17dcde41d9198b36,2021-12-18T14:13:37.000+00:00,8:15 AM,West Chester,West Chester,865,29,156,192,3607,1.71,964,6.4,10,1,1,562,360,86.5,,,,,,,,,,55,3,4,19,18,11,2026-01-19T14:46:07.276+00:00,2026-01-19T14:46:07.276+00:00
cmkla2o59004vnkbz4hs0wten,cmkl9fbfm0000gobzydurnnld,17db5f71e223d12b,2021-12-13T22:43:30.000+00:00,4:45 PM,Oakley,,935,41,162,194,3213,1.55,1001,5.6,9,2.5,9,640,400,202.01,,,,,,,,,,57,4,4,8,22,19,2026-01-19T14:46:07.293+00:00,2026-01-19T14:46:07.293+00:00
cmkla2o5m004wnkbzvlhagdhe,cmkl9fbfm0000gobzydurnnld,17d817622462866c,2021-12-03T18:02:22.000+00:00,12:00 PM,West Chester,West Chester,933,35,158,194,3243,1.57,780,7.2,11,0.9,1,500,327,72.44,,,,,,,,,,59,3,5,16,22,13,2026-01-19T14:46:07.306+00:00,2026-01-19T14:46:07.306+00:00
cmkla2o63004xnkbzu2m20kmc,cmkl9fbfm0000gobzydurnnld,17d7836528521680,2021-12-01T22:56:05.000+00:00,5:00 PM,Rookwood,,870,32,159,188,4048,2.59,1484,6.3,10,0.9,1,572,360,129.82,,,,,,,,,,54,3,4,15,16,16,2026-01-19T14:46:07.323+00:00,2026-01-19T14:46:07.323+00:00
cmkla2o6k004ynkbzzi3gwals,cmkl9fbfm0000gobzydurnnld,17d49fd2aafbc7cb,2021-11-22T23:31:07.000+00:00,5:30 PM,West Chester,West Chester,836,29,149,191,3428,0.22,136,5.7,9,0,0,628,400,0,,,,,,,,,,58,7,6,16,17,12,2026-01-19T14:46:07.340+00:00,2026-01-19T14:46:07.340+00:00
cmkla2o6y004znkbz88m5sza9,cmkl9fbfm0000gobzydurnnld,17d3562808f569fb,2021-11-18T23:29:47.000+00:00,5:30 PM,West Chester,West Chester,836,25,152,189,3988,2.53,1522,6,11,2.4,6,600,327,321.81,,,,,,,,,,56,6,8,17,6,19,2026-01-19T14:46:07.354+00:00,2026-01-19T14:46:07.354+00:00
cmkla2o7g0050nkbz31jwnzly,cmkl9fbfm0000gobzydurnnld,17d301f99e2172ea,2021-11-17T22:58:35.000+00:00,5:00 PM,Rookwood,,668,18,133,191,2593,1.71,926,6.6,8,0.3,1,544,450,28.74,,,,,,,,,,56,20,5,13,7,11,2026-01-19T14:46:07.372+00:00,2026-01-19T14:46:07.372+00:00
cmkla2o7t0051nkbzhtkph4bg,cmkl9fbfm0000gobzydurnnld,17d16840f99f7f3e,2021-11-12T23:38:12.000+00:00,5:30 PM,West Chester,West Chester,769,19,145,188,3078,1.77,1030,6.1,10,3.7,12,586,360,347.31,,,,,,,,,,56,8,13,16,6,13,2026-01-19T14:46:07.385+00:00,2026-01-19T14:46:07.385+00:00
cmkla2o8a0052nkbz58btmijh,cmkl9fbfm0000gobzydurnnld,17cc3e02bc921a11,2021-10-27T22:30:20.000+00:00,5:30 PM,West Chester,West Chester,780,22,152,185,3031,1.36,864,5.6,8,7.8,14,642,450,556.29,,,,,,,,,,53,5,3,23,10,12,2026-01-19T14:46:07.402+00:00,2026-01-19T14:46:07.402+00:00
cmkla2o8q0053nkbzr8du5qzx,cmkl9fbfm0000gobzydurnnld,17cb991f9019ca6b,2021-10-25T22:28:43.000+00:00,5:30 PM,West Chester,West Chester,895,36,156,187,4263,2.49,1472,6.1,10,2.2,10,591,360,291.53,,,,,,,,,,59,6,3,14,17,19,2026-01-19T14:46:07.418+00:00,2026-01-19T14:46:07.418+00:00
cmkla2o930054nkbzch1iiqkm,cmkl9fbfm0000gobzydurnnld,17ca76f2242de7db,2021-10-22T09:57:30.000+00:00,5:00 AM,West Chester,West Chester,820,24,154,190,3443,2.51,1273,7.1,11,0.9,1,507,327,125.63,,,,,,,,,,54,6,3,21,7,17,2026-01-19T14:46:07.431+00:00,2026-01-19T14:46:07.431+00:00
cmkla2o9j0055nkbz1xdgnlc9,cmkl9fbfm0000gobzydurnnld,17c9fd053a4e0cf6,2021-10-20T22:26:41.000+00:00,5:30 PM,West Chester,West Chester,859,31,155,184,3595,2.36,1437,6,12,0,0,603,300,0,,,,,,,,,,54,2,6,15,22,9,2026-01-19T14:46:07.447+00:00,2026-01-19T14:46:07.447+00:00
cmkla2o9x0056nkbz53j001rd,cmkl9fbfm0000gobzydurnnld,17c958294963762f,2021-10-18T22:25:34.000+00:00,5:30 PM,West Chester,West Chester,744,30,144,181,3205,1.65,938,6.4,10,0,0,561,360,0,,,,,,,,,,54,12,4,8,21,9,2026-01-19T14:46:07.461+00:00,2026-01-19T14:46:07.461+00:00
cmkla2oad0057nkbziixc7u22,cmkl9fbfm0000gobzydurnnld,17c7bc6048be9263,2021-10-13T22:29:06.000+00:00,5:30 PM,West Chester,West Chester,831,25,150,190,4188,2.71,1535,6.4,11,0.9,4,565,327,132.97,,,,,,,,,,56,7,6,18,10,15,2026-01-19T14:46:07.477+00:00,2026-01-19T14:46:07.477+00:00
cmkla2oat0058nkbz9kmrdvit,cmkl9fbfm0000gobzydurnnld,17c7179bac5cea25,2021-10-11T22:29:33.000+00:00,5:30 PM,West Chester,West Chester,882,31,155,190,2549,1.34,943,5.1,9,3,9,707,400,211.9,,,,,,,,,,58,4,4,19,23,8,2026-01-19T14:46:07.493+00:00,2026-01-19T14:46:07.493+00:00
cmkla2ob50059nkbzxcwi5pwz,cmkl9fbfm0000gobzydurnnld,17c619c03496e3a5,2021-10-08T20:33:06.000+00:00,3:45 PM,"Mason, OH",,7,0,84,84,62,,,,,,,,,,,,,,,,,,,2,2,0,0,0,0,2026-01-19T14:46:07.505+00:00,2026-01-19T14:46:07.505+00:00
cmkla2obl005ankbz9ippaihn,cmkl9fbfm0000gobzydurnnld,17c5f54374ea63d8,2021-10-08T09:55:25.000+00:00,5:00 AM,West Chester,West Chester,803,24,151,184,3565,1.65,1011,5.9,10,0.9,1,612,360,81.53,,,,,,,,,,55,5,5,21,16,8,2026-01-19T14:46:07.521+00:00,2026-01-19T14:46:07.521+00:00
cmkla2obz005bnkbzi2akr83f,cmkl9fbfm0000gobzydurnnld,17c57b90e552b1a3,2021-10-06T22:28:37.000+00:00,5:30 PM,West Chester,West Chester,766,27,145,186,3195,1.9,1077,4.8,9,0,0,748,400,0,,,,,,,,,,55,13,2,13,15,12,2026-01-19T14:46:07.535+00:00,2026-01-19T14:46:07.535+00:00
cmkla2oci005cnkbz5yigpli3,cmkl9fbfm0000gobzydurnnld,17c33b0d0983a970,2021-09-29T22:33:17.000+00:00,5:30 PM,West Chester,West Chester,670,33,152,189,3343,1.71,1124,5.4,7,2.3,10,669,514,209.78,,,,,,,,,,60,5,10,12,19,14,2026-01-19T14:46:07.554+00:00,2026-01-19T14:46:07.554+00:00
cmkla2ocw005dnkbzcpowmpwq,cmkl9fbfm0000gobzydurnnld,17c29635c4c44ebd,2021-09-27T22:32:29.000+00:00,5:30 PM,West Chester,West Chester,650,30,154,191,2878,1.34,850,5.6,9,0.9,1,638,400,61,,,,,,,,,,58,4,5,19,22,8,2026-01-19T14:46:07.568+00:00,2026-01-19T14:46:07.568+00:00
cmkla2odc005enkbzf039e4tq,cmkl9fbfm0000gobzydurnnld,17c05584206c3355,2021-09-20T22:34:02.000+00:00,5:30 PM,West Chester,West Chester,720,38,161,189,4282,0.24,172,5.6,10,0,0,647,360,0,,,,,,,,,,58,2,3,15,23,15,2026-01-19T14:46:07.584+00:00,2026-01-19T14:46:07.584+00:00
